id;nombre;responsable;celular;correo;subscription_key;es_activo
1;shallow;through kaleidoscopic;scare;shampoo;yowza;false
2;lyre yippee gah;absentmindedly;covenant supposing;clinch;woefully till um;true
3;account misguided;inhibit gosh;floss;almost;strait ouch;false
4;browse defenseless;softly;sense toward inside;wing shady;and;false
5;whoa teeming mid;safeguard present inasmuch;archaeology turret astride;really replicate apud;moor ouch;false
6;juvenile;fast yet waver;enthusiastically hoarse wrongl;whose;beyond jut how;false
7;flu;uh-huh phew drain;since;mmm cheerfully;gracefully gestate;false
8;eek brr;fooey amid;admonish under fortunately;deliberately tidy till;apropos;true
9;marksman;scruple;brr;crest reopen upon;fairly speedily consequently;false
10;mentor beyond bah;cross throughout;pfft print lampoon;mundane;sandbar which;false
